aro,norm_feature,present_feature,public_present_n,median_norm_when_present,mean_norm_when_present
AAC(3)-IId,AAC(3)-IId__norm,AAC(3)-IId__present,22,12.507806777954102,12.507806777954102
AAC(3)-Ia,AAC(3)-Ia__norm,AAC(3)-Ia__present,9,11.60632038116455,11.634204546610514
AAC(3)-Ic,AAC(3)-Ic__norm,AAC(3)-Ic__present,11,11.528846740722656,11.528846740722656
AAC(3)-Id,AAC(3)-Id__norm,AAC(3)-Id__present,23,11.893452644348145,11.893452644348145
AAC(6')-29b,AAC(6')-29b__norm,AAC(6')-29b__present,14,13.027737617492676,13.046789373670306
AAC(6')-31,AAC(6')-31__norm,AAC(6')-31__present,7,10.874263763427734,10.975285530090332
AAC(6')-IIa,AAC(6')-IIa__norm,AAC(6')-IIa__present,31,10.962180137634276,10.968577815640357
AAC(6')-Ib10,AAC(6')-Ib10__norm,AAC(6')-Ib10__present,26,10.14242172241211,10.128620367783766
AAC(6')-Ib4,AAC(6')-Ib4__norm,AAC(6')-Ib4__present,38,9.897289276123049,9.897289276123049
AAC(6')-Ib9,AAC(6')-Ib9__norm,AAC(6')-Ib9__present,84,10.160039901733398,10.150294213067918
AAC(6')-Il,AAC(6')-Il__norm,AAC(6')-Il__present,53,12.210694313049316,12.210694313049316
ANT(2'')-Ia,ANT(2'')-Ia__norm,ANT(2'')-Ia__present,126,12.60184097290039,12.65338705456446
ANT(4')-IIb,ANT(4')-IIb__norm,ANT(4')-IIb__present,25,13.422908782958984,13.441961822509766
APH(3'')-Ib,APH(3'')-Ib__norm,APH(3'')-Ib__present,98,9.879085540771484,9.892058255721112
APH(3')-IIa,APH(3')-IIa__norm,APH(3')-IIa__present,52,11.910372734069824,11.907432042635405
APH(3')-IIb,APH(3')-IIb__norm,APH(3')-IIb__present,2664,12.217854499816896,12.223552090269667
APH(3')-Ia,APH(3')-Ia__norm,APH(3')-Ia__present,30,11.925870895385742,11.926276969909669
APH(3')-VIa,APH(3')-VIa__norm,APH(3')-VIa__present,111,12.833194732666016,12.832913201134485
APH(3')-VIb,APH(3')-VIb__norm,APH(3')-VIb__present,5,12.852840423583984,12.852840423583984
APH(6)-Ic,APH(6)-Ic__norm,APH(6)-Ic__present,44,12.064526557922363,12.064526557922363
APH(6)-Id,APH(6)-Id__norm,APH(6)-Id__present,129,12.626803398132324,12.623115739157033
ArmR,ArmR__norm,ArmR__present,2156,14.723919868469238,14.724313301146584
ArnT,ArnT__norm,ArnT__present,2667,12.007452964782717,12.006411256707917
BLMT,BLMT__norm,BLMT__present,55,11.3350830078125,11.332012540643865
BRP(MBL),BRP(MBL)__norm,BRP(MBL)__present,63,11.285670280456545,11.283906709580195
DfrB9,DfrB9__norm,DfrB9__present,13,12.667181015014648,12.667181015014648
EreA2,EreA2__norm,EreA2__present,21,12.532022476196287,12.532022476196286
FosA8,FosA8__norm,FosA8__present,17,11.379514694213867,11.5933837890625
FosA,FosA__norm,FosA__present,2681,11.485549926757812,11.491279182306025
GES-1,GES-1__norm,GES-1__present,17,11.74634075164795,11.74634075164795
GES-20,GES-20__norm,GES-20__present,11,11.733559608459473,11.733559608459473
GES-5,GES-5__norm,GES-5__present,30,11.732623100280762,11.732623100280762
GES-9,GES-9__norm,GES-9__present,12,11.723732948303224,11.723732948303224
IMP-1,IMP-1__norm,IMP-1__present,18,11.919422149658203,11.915833049350315
IMP-45,IMP-45__norm,IMP-45__present,29,11.947834014892578,11.931379088040057
IMP-7,IMP-7__norm,IMP-7__present,12,11.97462558746338,11.97462558746338
KPC-2,KPC-2__norm,KPC-2__present,290,11.305157661437988,11.305157661437988
MexA,MexA__norm,MexA__present,2664,10.39137077331543,10.392369097059554
MexB,MexB__norm,MexB__present,2643,9.716981887817385,9.716421156907415
MexC,MexC__norm,MexC__present,2015,10.495954513549805,10.504479139436858
MexD,MexD__norm,MexD__present,2658,10.676136016845703,10.67937734164718
MexE,MexE__norm,MexE__present,2647,10.629610061645508,10.634359975107941
MexF,MexF__norm,MexF__present,2376,10.534679412841797,10.535529265901456
MexG,MexG__norm,MexG__present,2550,12.256461143493652,12.256157505184996
MexH,MexH__norm,MexH__present,2472,10.683362007141112,10.685441839270608
MexI,MexI__norm,MexI__present,2591,10.168021202087402,10.166234812189925
MexJ,MexJ__norm,MexJ__present,2661,11.376636505126951,11.374794805197732
MexK,MexK__norm,MexK__present,2668,9.071359634399414,9.07041138830571
MexR,MexR__norm,MexR__present,2595,12.238089561462402,12.243796464703216
MexS,MexS__norm,MexS__present,2594,12.097352027893066,12.104223145828305
MexT,MexT__norm,MexT__present,2628,11.622698783874512,11.624887849279371
MexV,MexV__norm,MexV__present,2682,11.041173934936523,11.04599481123228
MexW,MexW__norm,MexW__present,2674,9.935256004333496,9.93279745049145
MexZ,MexZ__norm,MexZ__present,2182,12.02043628692627,12.05914233563473
Mrx,Mrx__norm,Mrx__present,27,11.916814804077148,11.916814804077148
MuxA,MuxA__norm,MuxA__present,2569,10.63004207611084,10.636742210610919
MuxB,MuxB__norm,MuxB__present,2638,9.227633476257324,9.229969982309175
MuxC,MuxC__norm,MuxC__present,2647,9.726048469543455,9.726609299216218
NDM-1,NDM-1__norm,NDM-1__present,96,11.694007873535156,11.694007873535156
OXA-101,OXA-101__norm,OXA-101__present,7,12.195385932922363,12.216199602399554
OXA-1026,OXA-1026__norm,OXA-1026__present,17,11.683859825134276,11.683859825134276
OXA-1028,OXA-1028__norm,OXA-1028__present,29,11.62855625152588,11.62855625152588
OXA-1030,OXA-1030__norm,OXA-1030__present,6,11.64596462249756,11.64596462249756
OXA-1032,OXA-1032__norm,OXA-1032__present,33,11.637567520141602,11.637567520141602
OXA-1033,OXA-1033__norm,OXA-1033__present,9,11.631549835205078,11.631549835205078
OXA-1034,OXA-1034__norm,OXA-1034__present,8,11.634417533874512,11.634253978729248
OXA-1035,OXA-1035__norm,OXA-1035__present,18,11.64581298828125,11.64581298828125
OXA-10,OXA-10__norm,OXA-10__present,102,12.212583541870115,12.21278594521915
OXA-1127,OXA-1127__norm,OXA-1127__present,23,11.65119457244873,11.649264874665633
OXA-1135,OXA-1135__norm,OXA-1135__present,8,11.658188819885254,11.662625551223755
OXA-1250,OXA-1250__norm,OXA-1250__present,30,11.65695858001709,11.65695858001709
OXA-129,OXA-129__norm,OXA-129__present,9,12.157211303710938,12.158046828375923
OXA-2,OXA-2__norm,OXA-2__present,43,12.350253105163574,12.350253105163574
OXA-395,OXA-395__norm,OXA-395__present,298,11.639073371887209,11.639044441632779
OXA-396,OXA-396__norm,OXA-396__present,183,11.645864486694336,11.645864486694336
OXA-486,OXA-486__norm,OXA-486__present,640,11.63744831085205,11.63744831085205
OXA-488,OXA-488__norm,OXA-488__present,286,11.65371799468994,11.65371799468994
OXA-494,OXA-494__norm,OXA-494__present,198,11.651352882385254,11.651246735543916
OXA-4,OXA-4__norm,OXA-4__present,7,12.23415470123291,12.23415470123291
OXA-50,OXA-50__norm,OXA-50__present,325,11.639724731445312,11.638688058119554
OXA-56,OXA-56__norm,OXA-56__present,7,12.202635765075684,12.202635765075684
OXA-846,OXA-846__norm,OXA-846__present,102,11.646082878112791,11.646218234417486
OXA-847,OXA-847__norm,OXA-847__present,134,11.642145156860352,11.642887635017509
OXA-848,OXA-848__norm,OXA-848__present,61,11.64512062072754,11.64512062072754
OXA-851,OXA-851__norm,OXA-851__present,30,11.64001750946045,11.64001750946045
OXA-901,OXA-901__norm,OXA-901__present,10,11.665435791015623,11.665435791015623
OXA-904,OXA-904__norm,OXA-904__present,66,11.639467239379885,11.63966011278557
OXA-905,OXA-905__norm,OXA-905__present,25,11.668622970581056,11.668622970581056
OXA-906,OXA-906__norm,OXA-906__present,13,11.666878700256348,11.666836518507738
OXA-914,OXA-914__norm,OXA-914__present,18,11.645111083984377,11.645111083984377
OpmB,OpmB__norm,OpmB__present,2686,10.635055541992188,10.630936652089089
OpmD,OpmD__norm,OpmD__present,2590,11.462120056152344,11.467844790749568
OpmH,OpmH__norm,OpmH__present,2692,11.035335540771484,11.036984402924377
OprA,OprA__norm,OprA__present,6,11.498394966125488,11.50014877319336
OprJ,OprJ__norm,OprJ__present,2684,11.198776245117188,11.195081205908126
OprM,OprM__norm,OprM__present,2637,10.457045555114746,10.458259440390595
OprN,OprN__norm,OprN__present,2590,10.84547996520996,10.845459274895862
PDC-103,PDC-103__norm,PDC-103__present,6,11.822871208190918,11.822871208190918
PDC-109,PDC-109__norm,PDC-109__present,9,11.814810752868652,11.81615522172716
PDC-11,PDC-11__norm,PDC-11__present,104,11.82272720336914,11.822841818516071
PDC-120,PDC-120__norm,PDC-120__present,4,11.817041397094728,11.818299770355226
PDC-121,PDC-121__norm,PDC-121__present,9,11.821317672729492,11.821317672729492
PDC-12,PDC-12__norm,PDC-12__present,19,11.81121826171875,11.81121826171875
PDC-14,PDC-14__norm,PDC-14__present,11,11.813344955444336,11.813344955444336
PDC-15,PDC-15__norm,PDC-15__present,18,11.827360153198242,11.82758723364936
PDC-16,PDC-16__norm,PDC-16__present,112,11.810433387756348,11.810433387756348
PDC-19a,PDC-19a__norm,PDC-19a__present,87,11.809700012207031,11.809700012207031
PDC-1,PDC-1__norm,PDC-1__present,258,11.814553260803224,11.814553260803224
PDC-23,PDC-23__norm,PDC-23__present,12,11.809914588928224,11.819287776947021
PDC-24,PDC-24__norm,PDC-24__present,247,11.81714916229248,11.81714916229248
PDC-295,PDC-295__norm,PDC-295__present,21,11.816919326782228,11.816919326782228
PDC-30,PDC-30__norm,PDC-30__present,15,11.824178695678713,11.824178695678713
PDC-31,PDC-31__norm,PDC-31__present,25,11.811083793640137,11.811083793640137
PDC-34,PDC-34__norm,PDC-34__present,80,11.827467918395996,11.827467918395996
PDC-35,PDC-35__norm,PDC-35__present,148,11.800528526306152,11.800536110594466
PDC-36,PDC-36__norm,PDC-36__present,16,11.817891120910645,11.817891120910645
PDC-374,PDC-374__norm,PDC-374__present,11,11.83165168762207,11.831516005776145
PDC-37,PDC-37__norm,PDC-37__present,13,11.81356430053711,11.81356430053711
PDC-38,PDC-38__norm,PDC-38__present,7,11.821146965026855,11.821146965026855
PDC-39,PDC-39__norm,PDC-39__present,12,11.811034202575684,11.811034202575684
PDC-3,PDC-3__norm,PDC-3__present,593,11.816990852355955,11.817102382396163
PDC-45,PDC-45__norm,PDC-45__present,9,11.809980392456056,11.809980392456056
PDC-46,PDC-46__norm,PDC-46__present,10,11.814164161682127,11.814164161682127
PDC-59,PDC-59__norm,PDC-59__present,12,11.81021785736084,11.81021785736084
PDC-5,PDC-5__norm,PDC-5__present,260,11.808462142944336,11.808488900844868
PDC-60,PDC-60__norm,PDC-60__present,8,11.829524993896484,11.829524993896484
PDC-71,PDC-71__norm,PDC-71__present,11,11.81612491607666,11.81612491607666
PDC-8,PDC-8__norm,PDC-8__present,302,11.830887794494627,11.830862563177448
PDC-97,PDC-97__norm,PDC-97__present,27,11.829020500183104,11.829020500183104
PDC-98,PDC-98__norm,PDC-98__present,14,11.828478813171388,11.828478813171388
PER-1,PER-1__norm,PER-1__present,8,11.696243286132812,11.696243286132812
ParR,ParR__norm,ParR__present,2686,11.325902938842772,11.334836770950282
ParS,ParS__norm,ParS__present,2615,11.739739418029783,11.74225863425727
PmpM,PmpM__norm,PmpM__present,2678,10.744712829589844,10.745096570970052
Pseudomonas aeruginosa CpxR,Pseudomonas aeruginosa CpxR__norm,Pseudomonas aeruginosa CpxR__present,2692,11.883801460266112,11.883914108970721
Pseudomonas aeruginosa ampR with mutation conferring resistance to aztreonam,Pseudomonas aeruginosa ampR with mutation conferring resistance to aztreonam__norm,Pseudomonas aeruginosa ampR with mutation conferring resistance to aztreonam__present,41,10.92919635772705,10.93557413612924
Pseudomonas aeruginosa catB7,Pseudomonas aeruginosa catB7__norm,Pseudomonas aeruginosa catB7__present,2577,13.149906158447266,13.158113344538151
Pseudomonas aeruginosa emrE,Pseudomonas aeruginosa emrE__norm,Pseudomonas aeruginosa emrE__present,2696,10.838207244873049,10.841240053360822
Pseudomonas aeruginosa gyrA conferring resistance to fluoroquinolones,Pseudomonas aeruginosa gyrA conferring resistance to fluoroquinolones__norm,Pseudomonas aeruginosa gyrA conferring resistance to fluoroquinolones__present,1171,11.826379776000977,11.824313091274819
Pseudomonas aeruginosa parE conferring resistance to fluoroquinolones,Pseudomonas aeruginosa parE conferring resistance to fluoroquinolones__norm,Pseudomonas aeruginosa parE conferring resistance to fluoroquinolones__present,23,12.454107284545898,12.454107284545898
Pseudomonas aeruginosa soxR,Pseudomonas aeruginosa soxR__norm,Pseudomonas aeruginosa soxR__present,2610,11.54259967803955,11.542892341686848
QnrVC1,QnrVC1__norm,QnrVC1__present,73,12.22287368774414,12.223007411172945
SHV-5,SHV-5__norm,SHV-5__present,11,11.087322235107422,11.087322235107422
SPM-1,SPM-1__norm,SPM-1__present,4,12.405684471130373,12.405684471130373
TEM-1,TEM-1__norm,TEM-1__present,21,9.557865142822266,9.557865142822266
TriA,TriA__norm,TriA__present,1152,11.079495429992676,11.078515927824709
TriB,TriB__norm,TriB__present,2693,11.19534969329834,11.193488691183346
TriC,TriC__norm,TriC__present,2684,9.62300968170166,9.623117780543298
Type B NfxB,Type B NfxB__norm,Type B NfxB__present,2688,12.849977493286133,12.853065358386154
VEB-9,VEB-9__norm,VEB-9__present,58,11.507237434387209,11.507237434387209
VIM-1,VIM-1__norm,VIM-1__present,3,11.353127479553224,11.353127479553224
VIM-2,VIM-2__norm,VIM-2__present,158,11.368456840515137,11.368570376046096
YajC,YajC__norm,YajC__present,2694,11.363170623779297,11.363475441667179
aadA11,aadA11__norm,aadA11__present,23,12.059652328491213,12.076761411583945
aadA13,aadA13__norm,aadA13__present,4,11.946732521057127,11.946281433105469
aadA2,aadA2__norm,aadA2__present,26,11.866004943847656,11.867624943072979
aadA3,aadA3__norm,aadA3__present,30,11.907957077026367,11.907957077026367
aadA6,aadA6__norm,aadA6__present,34,12.086102485656738,12.099998979007497
aadA7,aadA7__norm,aadA7__present,18,12.054132461547852,12.051673359341091
aadA,aadA__norm,aadA__present,140,11.90668487548828,11.884894970485142
adeF,adeF__norm,adeF__present,441,10.517220497131348,10.50737169270072
aphA15,aphA15__norm,aphA15__present,32,12.387307167053224,12.386190176010132
arnA,arnA__norm,arnA__present,2677,11.889410972595217,11.890191595101028
arr-2,arr-2__norm,arr-2__present,25,12.478894233703612,12.478894233703612
arr-3,arr-3__norm,arr-3__present,11,12.457942962646484,12.44836373762651
basR,basR__norm,basR__present,1989,11.50889015197754,11.510552443230553
basS,basS__norm,basS__present,2672,12.430537223815918,12.431843022743385
bcr-1,bcr-1__norm,bcr-1__present,2605,11.00043773651123,11.00192544098779
catB10,catB10__norm,catB10__present,0,0.0,0.0
catB3,catB3__norm,catB3__present,43,13.183524131774902,13.183630167051803
cmlA5,cmlA5__norm,cmlA5__present,78,10.848857879638672,10.849238285651573
cmlA6,cmlA6__norm,cmlA6__present,30,10.82943058013916,10.83756160736084
cmlA9,cmlA9__norm,cmlA9__present,85,10.222034454345703,10.222034454345703
cmx,cmx__norm,cmx__present,22,10.6976900100708,10.696367523886941
cprR,cprR__norm,cprR__present,2671,11.385786056518556,11.387877089037337
cprS,cprS__norm,cprS__present,2659,12.476452827453612,12.478185831940053
dfrA1,dfrA1__norm,dfrA1__present,6,11.351448059082031,11.357234636942545
dfrA22,dfrA22__norm,dfrA22__present,20,12.247014045715332,12.247014045715332
dfrA5,dfrA5__norm,dfrA5__present,17,11.433823585510254,11.391591296476477
dfrB1,dfrB1__norm,dfrB1__present,11,12.705942153930664,12.705942153930664
dfrB2,dfrB2__norm,dfrB2__present,18,12.68494701385498,12.68494701385498
dfrB5,dfrB5__norm,dfrB5__present,32,12.659281730651855,12.659281730651855
floR,floR__norm,floR__present,20,10.174002647399902,10.175481367111207
mexM,mexM__norm,mexM__present,2630,11.04519748687744,11.042145150695918
mexN,mexN__norm,mexN__present,2662,9.905537605285645,9.908135049420133
mexP,mexP__norm,mexP__present,2676,11.20357608795166,11.200146290218884
mexQ,mexQ__norm,mexQ__present,2653,10.779936790466309,10.783267342904987
mexY,mexY__norm,mexY__present,2618,10.789718627929688,10.790203539627576
mphA,mphA__norm,mphA__present,27,11.48322296142578,11.481518427530924
mphE,mphE__norm,mphE__present,39,11.67666244506836,11.676663741087301
msrE,msrE__norm,msrE__present,46,12.30991554260254,12.309777446415113
nalC,nalC__norm,nalC__present,2607,12.116243362426758,12.11661836787298
nalD,nalD__norm,nalD__present,2574,12.363077163696287,12.371546216222233
opmE,opmE__norm,opmE__present,2674,11.654383659362791,11.658841418791994
qacEdelta1,qacEdelta1__norm,qacEdelta1__present,407,10.031561851501465,10.032668104335775
qacJ,qacJ__norm,qacJ__present,28,9.792580604553224,9.991128819329399
qacL,qacL__norm,qacL__present,41,10.34711742401123,10.310909364281631
rmtB,rmtB__norm,rmtB__present,29,13.090394973754885,13.091880568142596
rmtD,rmtD__norm,rmtD__present,7,13.30807113647461,13.296930585588727
rmtF,rmtF__norm,rmtF__present,14,13.213351249694824,13.214189188820976
rsmA,rsmA__norm,rsmA__present,2698,12.12326717376709,12.123521964580064
sul1,sul1__norm,sul1__present,549,10.2208890914917,10.220446143645406
tet(A),tet(A)__norm,tet(A)__present,120,9.524347305297852,9.519064092636109
tet(C),tet(C)__norm,tet(C)__present,32,10.127779960632324,9.93688651919365
vanH gene in vanB cluster,vanH gene in vanB cluster__norm,vanH gene in vanB cluster__present,2496,11.220184326171877,11.221473904374319
vanT gene in vanG cluster,vanT gene in vanG cluster__norm,vanT gene in vanG cluster__present,360,11.089369773864746,11.072739524311489
vanW gene in vanG cluster,vanW gene in vanG cluster__norm,vanW gene in vanG cluster__present,2694,11.608899116516112,11.610520247804207
